[{"id":"user-image-rabbit.png","publicUrl":"np://user.desktop.nicepage.com/Site_127802138/images/rabbit.png","size":934874,"hash":"k4kewP3Fy5eS0jKLM/BMXDJemCs=","fileName":"rabbit.png","name":"rabbit","width":5689,"height":2010,"thumbnail":{"url":"np://user.desktop.nicepage.com/Site_127802138/images/thumbnails/rabbit.png","width":250,"height":88},"folderId":null,"usages":["302128865"]},{"id":"user-image-pexels-photo-807598.jpeg","publicUrl":"np://user.desktop.nicepage.com/Site_127802138/images/pexels-photo-807598.jpeg","size":132582,"hash":"5urNXkL3keAGPNvy4Mn0o4FVc0c=","fileName":"pexels-photo-807598.jpeg","name":"pexels-photo-807598","width":1000,"height":750,"thumbnail":{"url":"np://user.desktop.nicepage.com/Site_127802138/images/thumbnails/pexels-photo-807598.jpeg","width":250,"height":188},"folderId":null,"originalUrl":"//images01.nicepage.com/a1389d7bc73adea1e1c1fb7e/45e7fa8419e8581ba478ae37/pexels-photo-807598.jpeg","usages":["302128865"]},{"id":"user-image-pexels-photo-10283730.jpeg","publicUrl":"np://user.desktop.nicepage.com/Site_127802138/images/pexels-photo-10283730.jpeg","size":40713,"hash":"QF63PlIQcqPAsc2mlHqGZE+8nQQ=","fileName":"pexels-photo-10283730.jpeg","name":"pexels-photo-10283730","width":500,"height":750,"thumbnail":{"url":"np://user.desktop.nicepage.com/Site_127802138/images/thumbnails/pexels-photo-10283730.jpeg","width":167,"height":250},"folderId":null,"originalUrl":"//images01.nicepage.com/a1389d7bc73adea1e1c1fb7e/e84e3ccf4233514ca67ffed2/pexels-photo-10283730.jpeg","usages":["302128865"]},{"id":"user-image-pexels-photo-9880893.jpeg","publicUrl":"np://user.desktop.nicepage.com/Site_127802138/images/pexels-photo-9880893.jpeg","size":79193,"hash":"yFshg8uGBhdzULqmk/hF5kREA1k=","fileName":"pexels-photo-9880893.jpeg","name":"pexels-photo-9880893","width":810,"height":1080,"thumbnail":{"url":"np://user.desktop.nicepage.com/Site_127802138/images/thumbnails/pexels-photo-9880893.jpeg","width":188,"height":250},"folderId":null,"originalUrl":"//images01.nicepage.com/a1389d7bc73adea1e1c1fb7e/dc2e679b52d55a58907b7557/pexels-photo-9880893.jpeg","usages":["302128865"]},{"id":"user-image-pexels-photo-9928414.jpeg","publicUrl":"np://user.desktop.nicepage.com/Site_127802138/images/pexels-photo-9928414.jpeg","size":63657,"hash":"q7nL6hzaJ1iqu+kAYFQAZ+k3StI=","fileName":"pexels-photo-9928414.jpeg","name":"pexels-photo-9928414","width":720,"height":1080,"thumbnail":{"url":"np://user.desktop.nicepage.com/Site_127802138/images/thumbnails/pexels-photo-9928414.jpeg","width":167,"height":250},"folderId":null,"originalUrl":"//images01.nicepage.com/a1389d7bc73adea1e1c1fb7e/8749f118498a5d7285c93e06/pexels-photo-9928414.jpeg","usages":["302128865"]},{"id":"user-image-pexels-photo-6160167.jpeg","publicUrl":"np://user.desktop.nicepage.com/Site_127802138/images/pexels-photo-6160167.jpeg","size":95584,"hash":"6/4Z/b3nSPswQCr3pt6L8s8Qwx8=","fileName":"pexels-photo-6160167.jpeg","name":"pexels-photo-6160167","width":1728,"height":1080,"thumbnail":{"url":"np://user.desktop.nicepage.com/Site_127802138/images/thumbnails/pexels-photo-6160167.jpeg","width":250,"height":156},"folderId":null,"originalUrl":"//images01.nicepage.com/a1389d7bc73adea1e1c1fb7e/dec2e05251a254b4a6edc478/pexels-photo-6160167.jpeg","usages":["302128865"]},{"id":"user-image-pexels-photo-9336680.jpeg","publicUrl":"np://user.desktop.nicepage.com/Site_127802138/images/pexels-photo-9336680.jpeg","size":224090,"hash":"DqhbYgvFsboBLi3dotJCDsEgoO4=","fileName":"pexels-photo-9336680.jpeg","name":"pexels-photo-9336680","width":864,"height":1080,"thumbnail":{"url":"np://user.desktop.nicepage.com/Site_127802138/images/thumbnails/pexels-photo-9336680.jpeg","width":200,"height":250},"folderId":null,"originalUrl":"//images01.nicepage.com/a1389d7bc73adea1e1c1fb7e/de490d39e6395a82b7b308ff/pexels-photo-9336680.jpeg","usages":["302128865"]},{"id":"user-image-7b3bdb407571994db3eb7aa84c164c27d9f6d91cd9b32033b6d980302d2ed3028c359285031c385ad0ce6ac0d998573e45763dfa814fa105cf9b62_1280.jpg","publicUrl":"np://user.desktop.nicepage.com/Site_127802138/images/7b3bdb407571994db3eb7aa84c164c27d9f6d91cd9b32033b6d980302d2ed3028c359285031c385ad0ce6ac0d998573e45763dfa814fa105cf9b62_1280.jpg","size":69838,"hash":"hexsdDZNNgOcrCyIEJISxC09Bbk=","fileName":"7b3bdb407571994db3eb7aa84c164c27d9f6d91cd9b32033b6d980302d2ed3028c359285031c385ad0ce6ac0d998573e45763dfa814fa105cf9b62_1280.jpg","name":"7b3bdb407571994db3eb7aa84c164c27d9f6d91cd9b32033b6d980302d2ed3028c359285031c385ad0ce6ac0d998573e45763dfa814fa105cf9b62_1280","width":895,"height":1280,"thumbnail":{"url":"np://user.desktop.nicepage.com/Site_127802138/images/thumbnails/7b3bdb407571994db3eb7aa84c164c27d9f6d91cd9b32033b6d980302d2ed3028c359285031c385ad0ce6ac0d998573e45763dfa814fa105cf9b62_1280.jpg","width":175,"height":250},"folderId":null,"originalUrl":"//images01.nicepage.com/c461c07a441a5d220e8feb1a/2f87cb03683b58bbb3632f09/gd6066c06b27b3bdb407571994db3eb7aa84c164c27d9f6d91cd9b32033b6d980302d2ed3028c359285031c385ad0ce6ac0d998573e45763dfa814fa105cf9b62_1280.jpg","usages":["302128865"]},{"id":"user-image-pexels-photo-10514116.jpeg","publicUrl":"np://user.desktop.nicepage.com/Site_127802138/images/pexels-photo-10514116.jpeg","size":272268,"hash":"Sr0i1WY1pNJOvnQCM3skRiV6Vjs=","fileName":"pexels-photo-10514116.jpeg","name":"pexels-photo-10514116","width":1619,"height":1080,"thumbnail":{"url":"np://user.desktop.nicepage.com/Site_127802138/images/thumbnails/pexels-photo-10514116.jpeg","width":250,"height":167},"folderId":null,"originalUrl":"//images01.nicepage.com/a1389d7bc73adea1e1c1fb7e/47a5fabf82a757d68ae6c072/pexels-photo-10514116.jpeg","usages":["302128865"]},{"id":"user-image-pexels-photo-8536068.jpeg","publicUrl":"np://user.desktop.nicepage.com/Site_127802138/images/pexels-photo-8536068.jpeg","size":48064,"hash":"1ssW85YWIw/ywwKhvdjxXpgclQM=","fileName":"pexels-photo-8536068.jpeg","name":"pexels-photo-8536068","width":562,"height":750,"thumbnail":{"url":"np://user.desktop.nicepage.com/Site_127802138/images/thumbnails/pexels-photo-8536068.jpeg","width":187,"height":250},"folderId":null,"originalUrl":"//images01.nicepage.com/a1389d7bc73adea1e1c1fb7e/c7eb9566f5305e74bc5cde62/pexels-photo-8536068.jpeg","usages":["302128865"]},{"id":"user-image-pexels-photo-9790906.jpeg","publicUrl":"np://user.desktop.nicepage.com/Site_127802138/images/pexels-photo-9790906.jpeg","size":80202,"hash":"1EiLBb3RA4y+wugsqHEYgLHTo/8=","fileName":"pexels-photo-9790906.jpeg","name":"pexels-photo-9790906","width":720,"height":1080,"thumbnail":{"url":"np://user.desktop.nicepage.com/Site_127802138/images/thumbnails/pexels-photo-9790906.jpeg","width":167,"height":250},"folderId":null,"originalUrl":"//images01.nicepage.com/a1389d7bc73adea1e1c1fb7e/4399847e35eb5d2a87a8679e/pexels-photo-9790906.jpeg","usages":["302128865"]},{"id":"user-image-pexels-photo-9374900.jpeg","publicUrl":"np://user.desktop.nicepage.com/Site_127802138/images/pexels-photo-9374900.jpeg","size":92337,"hash":"WsdL3XY7Ftb6CztZ4Hz+rcMw470=","fileName":"pexels-photo-9374900.jpeg","name":"pexels-photo-9374900","width":810,"height":1080,"thumbnail":{"url":"np://user.desktop.nicepage.com/Site_127802138/images/thumbnails/pexels-photo-9374900.jpeg","width":188,"height":250},"folderId":null,"originalUrl":"//images01.nicepage.com/a1389d7bc73adea1e1c1fb7e/7542397972b7520786b408a7/pexels-photo-9374900.jpeg","usages":["302128865"]},{"id":"user-image-pexels-photo-10136037.jpeg","publicUrl":"np://user.desktop.nicepage.com/Site_127802138/images/pexels-photo-10136037.jpeg","size":105021,"hash":"WEb7jtsFU9cq31eSbXD/UQmlxhU=","fileName":"pexels-photo-10136037.jpeg","name":"pexels-photo-10136037","width":863,"height":1080,"thumbnail":{"url":"np://user.desktop.nicepage.com/Site_127802138/images/thumbnails/pexels-photo-10136037.jpeg","width":200,"height":250},"folderId":null,"originalUrl":"//images01.nicepage.com/a1389d7bc73adea1e1c1fb7e/fee4796c59405c878886756c/pexels-photo-10136037.jpeg","usages":["302128865"]},{"id":"user-image-pexels-photo-9939192.jpeg","publicUrl":"np://user.desktop.nicepage.com/Site_127802138/images/pexels-photo-9939192.jpeg","size":94658,"hash":"F22YadNJJfSoT2t2N2IpMkuZpmo=","fileName":"pexels-photo-9939192.jpeg","name":"pexels-photo-9939192","width":1003,"height":1500,"thumbnail":{"url":"np://user.desktop.nicepage.com/Site_127802138/images/thumbnails/pexels-photo-9939192.jpeg","width":167,"height":250},"folderId":null,"originalUrl":"//images01.nicepage.com/a1389d7bc73adea1e1c1fb7e/619322b75ffd5625b4e6e350/pexels-photo-9939192.jpeg","usages":["302128865"]},{"id":"user-image-pexels-photo-9000192.jpeg","publicUrl":"np://user.desktop.nicepage.com/Site_127802138/images/pexels-photo-9000192.jpeg","size":47556,"hash":"s3sebg0zWp9SW1VntRyYUuVGPnw=","fileName":"pexels-photo-9000192.jpeg","name":"pexels-photo-9000192","width":720,"height":1080,"thumbnail":{"url":"np://user.desktop.nicepage.com/Site_127802138/images/thumbnails/pexels-photo-9000192.jpeg","width":167,"height":250},"folderId":null,"originalUrl":"//images01.nicepage.com/a1389d7bc73adea1e1c1fb7e/ba5e93197ce15fa58b68003d/pexels-photo-9000192.jpeg","usages":["302128865"]},{"id":"user-image-FullLogo.jpg","publicUrl":"np://user.desktop.nicepage.com/Site_127802138/images/FullLogo.jpg","size":45390,"hash":"BRtyjflnq859amOg6ypoj+5MG60=","fileName":"FullLogo.jpg","name":"FullLogo","width":1280,"height":1024,"thumbnail":{"url":"np://user.desktop.nicepage.com/Site_127802138/images/thumbnails/FullLogo.jpg","width":250,"height":200},"folderId":null,"usages":[]},{"id":"user-image-f1fd1619d2daa79a369210f7b790964fd50ebf698592e57b953735c4a8cf88d7f3b9e00cdf8df13cc4f595f204f0b48080ea0a1930863b04d18871_1280.jpg","publicUrl":"np://user.desktop.nicepage.com/Site_127802138/images/f1fd1619d2daa79a369210f7b790964fd50ebf698592e57b953735c4a8cf88d7f3b9e00cdf8df13cc4f595f204f0b48080ea0a1930863b04d18871_1280.jpg","size":476905,"hash":"g5AoGY3fUdm9warwup/D0Hz1mpU=","fileName":"f1fd1619d2daa79a369210f7b790964fd50ebf698592e57b953735c4a8cf88d7f3b9e00cdf8df13cc4f595f204f0b48080ea0a1930863b04d18871_1280.jpg","name":"f1fd1619d2daa79a369210f7b790964fd50ebf698592e57b953735c4a8cf88d7f3b9e00cdf8df13cc4f595f204f0b48080ea0a1930863b04d18871_1280","width":1280,"height":960,"thumbnail":{"url":"np://user.desktop.nicepage.com/Site_127802138/images/thumbnails/f1fd1619d2daa79a369210f7b790964fd50ebf698592e57b953735c4a8cf88d7f3b9e00cdf8df13cc4f595f204f0b48080ea0a1930863b04d18871_1280.jpg","width":250,"height":188},"folderId":null,"usages":["252184566"]},{"id":"user-image-a61cafbf64b14fa1f28e5c805727c17da8659cf02311d08d5e3d7b2e85818dcc46163e143079e7ff7886772bc981a1f2e59b101220ceb119cc46b5_1280.jpg","publicUrl":"np://user.desktop.nicepage.com/Site_127802138/images/a61cafbf64b14fa1f28e5c805727c17da8659cf02311d08d5e3d7b2e85818dcc46163e143079e7ff7886772bc981a1f2e59b101220ceb119cc46b5_1280.jpg","size":260748,"hash":"pedcaEpIJprEfpvtAu92BgpoDGU=","fileName":"a61cafbf64b14fa1f28e5c805727c17da8659cf02311d08d5e3d7b2e85818dcc46163e143079e7ff7886772bc981a1f2e59b101220ceb119cc46b5_1280.jpg","name":"a61cafbf64b14fa1f28e5c805727c17da8659cf02311d08d5e3d7b2e85818dcc46163e143079e7ff7886772bc981a1f2e59b101220ceb119cc46b5_1280","width":1280,"height":837,"thumbnail":{"url":"np://user.desktop.nicepage.com/Site_127802138/images/thumbnails/a61cafbf64b14fa1f28e5c805727c17da8659cf02311d08d5e3d7b2e85818dcc46163e143079e7ff7886772bc981a1f2e59b101220ceb119cc46b5_1280.jpg","width":250,"height":163},"folderId":null,"usages":["72737208"]},{"id":"user-image-2010e43f4f739da8c76e6f6e191208465adea26d32946ab2ed7fd09dc0bef52b9e16bcddea371db2dccd701aec352ed4113fed476c17740011e33d_1280.jpg","publicUrl":"np://user.desktop.nicepage.com/Site_127802138/images/2010e43f4f739da8c76e6f6e191208465adea26d32946ab2ed7fd09dc0bef52b9e16bcddea371db2dccd701aec352ed4113fed476c17740011e33d_1280.jpg","size":272815,"hash":"Db45DjpeHEqh/K9nmwqetKUcFa0=","fileName":"2010e43f4f739da8c76e6f6e191208465adea26d32946ab2ed7fd09dc0bef52b9e16bcddea371db2dccd701aec352ed4113fed476c17740011e33d_1280.jpg","name":"2010e43f4f739da8c76e6f6e191208465adea26d32946ab2ed7fd09dc0bef52b9e16bcddea371db2dccd701aec352ed4113fed476c17740011e33d_1280","width":1280,"height":853,"thumbnail":{"url":"np://user.desktop.nicepage.com/Site_127802138/images/thumbnails/2010e43f4f739da8c76e6f6e191208465adea26d32946ab2ed7fd09dc0bef52b9e16bcddea371db2dccd701aec352ed4113fed476c17740011e33d_1280.jpg","width":250,"height":167},"folderId":null,"usages":["72737208"]},{"id":"user-image-dd2ee0ccd9a7b1e0bb460b7475506698752b90e11df17828d3926bf5dcd3ec15c4102255b341da5bb13fa0a907a1869ba8de8c787be340cfe397ec_1280.jpg","publicUrl":"np://user.desktop.nicepage.com/Site_127802138/images/dd2ee0ccd9a7b1e0bb460b7475506698752b90e11df17828d3926bf5dcd3ec15c4102255b341da5bb13fa0a907a1869ba8de8c787be340cfe397ec_1280.jpg","size":350134,"hash":"Ok4y8HoiK9vx6SyLOEdCe1aosLU=","fileName":"dd2ee0ccd9a7b1e0bb460b7475506698752b90e11df17828d3926bf5dcd3ec15c4102255b341da5bb13fa0a907a1869ba8de8c787be340cfe397ec_1280.jpg","name":"dd2ee0ccd9a7b1e0bb460b7475506698752b90e11df17828d3926bf5dcd3ec15c4102255b341da5bb13fa0a907a1869ba8de8c787be340cfe397ec_1280","width":1280,"height":856,"thumbnail":{"url":"np://user.desktop.nicepage.com/Site_127802138/images/thumbnails/dd2ee0ccd9a7b1e0bb460b7475506698752b90e11df17828d3926bf5dcd3ec15c4102255b341da5bb13fa0a907a1869ba8de8c787be340cfe397ec_1280.jpg","width":250,"height":167},"folderId":null,"usages":["72737208"]},{"id":"user-image-a982309f4f3d5b3bc69a3e82199dd4f76e8861d7d26d0b4ae16386fcdc790b98d4937035b3e58b8b4459b678b646d5b6d75c5138868bc37c74d922_1280.jpg","publicUrl":"np://user.desktop.nicepage.com/Site_127802138/images/a982309f4f3d5b3bc69a3e82199dd4f76e8861d7d26d0b4ae16386fcdc790b98d4937035b3e58b8b4459b678b646d5b6d75c5138868bc37c74d922_1280.jpg","size":263120,"hash":"FdP483y6kfB0a5ZZjkyvjzBgj34=","fileName":"a982309f4f3d5b3bc69a3e82199dd4f76e8861d7d26d0b4ae16386fcdc790b98d4937035b3e58b8b4459b678b646d5b6d75c5138868bc37c74d922_1280.jpg","name":"a982309f4f3d5b3bc69a3e82199dd4f76e8861d7d26d0b4ae16386fcdc790b98d4937035b3e58b8b4459b678b646d5b6d75c5138868bc37c74d922_1280","width":1280,"height":853,"thumbnail":{"url":"np://user.desktop.nicepage.com/Site_127802138/images/thumbnails/a982309f4f3d5b3bc69a3e82199dd4f76e8861d7d26d0b4ae16386fcdc790b98d4937035b3e58b8b4459b678b646d5b6d75c5138868bc37c74d922_1280.jpg","width":250,"height":167},"folderId":null,"usages":["72737208"]},{"id":"user-image-86c83dacab67320f0d3daf35502cfd8444b5dac174aac82a3681db399056e7e465d9a805f7861fc97db3b2dd81c276ddeaa1021d0d86124df81b75_1280.jpg","publicUrl":"np://user.desktop.nicepage.com/Site_127802138/images/86c83dacab67320f0d3daf35502cfd8444b5dac174aac82a3681db399056e7e465d9a805f7861fc97db3b2dd81c276ddeaa1021d0d86124df81b75_1280.jpg","size":356869,"hash":"J7dE31vJdKK1OBgia8DfNWqvkgk=","fileName":"86c83dacab67320f0d3daf35502cfd8444b5dac174aac82a3681db399056e7e465d9a805f7861fc97db3b2dd81c276ddeaa1021d0d86124df81b75_1280.jpg","name":"86c83dacab67320f0d3daf35502cfd8444b5dac174aac82a3681db399056e7e465d9a805f7861fc97db3b2dd81c276ddeaa1021d0d86124df81b75_1280","width":914,"height":1280,"thumbnail":{"url":"np://user.desktop.nicepage.com/Site_127802138/images/thumbnails/86c83dacab67320f0d3daf35502cfd8444b5dac174aac82a3681db399056e7e465d9a805f7861fc97db3b2dd81c276ddeaa1021d0d86124df81b75_1280.jpg","width":179,"height":250},"folderId":null,"usages":["72737208"]},{"id":"user-image-0c2198011471dd35d07ba5e1d6cdffe2600be345c626543fe195fde64be39c196b95e00ffadf6937de0db2df67e53c925b6f6b47ecd9881b6e247f_1280.jpg","publicUrl":"np://user.desktop.nicepage.com/Site_127802138/images/0c2198011471dd35d07ba5e1d6cdffe2600be345c626543fe195fde64be39c196b95e00ffadf6937de0db2df67e53c925b6f6b47ecd9881b6e247f_1280.jpg","size":288029,"hash":"4pr+eBFyhczunzAQWWr9AWwPUig=","fileName":"0c2198011471dd35d07ba5e1d6cdffe2600be345c626543fe195fde64be39c196b95e00ffadf6937de0db2df67e53c925b6f6b47ecd9881b6e247f_1280.jpg","name":"0c2198011471dd35d07ba5e1d6cdffe2600be345c626543fe195fde64be39c196b95e00ffadf6937de0db2df67e53c925b6f6b47ecd9881b6e247f_1280","width":1280,"height":854,"thumbnail":{"url":"np://user.desktop.nicepage.com/Site_127802138/images/thumbnails/0c2198011471dd35d07ba5e1d6cdffe2600be345c626543fe195fde64be39c196b95e00ffadf6937de0db2df67e53c925b6f6b47ecd9881b6e247f_1280.jpg","width":250,"height":167},"folderId":null,"usages":["72737208"]},{"id":"user-image-50b98431546b379d05ed2304d526d563aed3fdb74ef2854a8043363e584da80d3da899c3752f80bbb613452246e235acf55b4304d6fd63c061319f_1280.jpg","publicUrl":"np://user.desktop.nicepage.com/Site_127802138/images/50b98431546b379d05ed2304d526d563aed3fdb74ef2854a8043363e584da80d3da899c3752f80bbb613452246e235acf55b4304d6fd63c061319f_1280.jpg","size":187396,"hash":"XryQs/qyXF2hquxFxteWwIKGqUc=","fileName":"50b98431546b379d05ed2304d526d563aed3fdb74ef2854a8043363e584da80d3da899c3752f80bbb613452246e235acf55b4304d6fd63c061319f_1280.jpg","name":"50b98431546b379d05ed2304d526d563aed3fdb74ef2854a8043363e584da80d3da899c3752f80bbb613452246e235acf55b4304d6fd63c061319f_1280","width":1280,"height":853,"thumbnail":{"url":"np://user.desktop.nicepage.com/Site_127802138/images/thumbnails/50b98431546b379d05ed2304d526d563aed3fdb74ef2854a8043363e584da80d3da899c3752f80bbb613452246e235acf55b4304d6fd63c061319f_1280.jpg","width":250,"height":167},"folderId":null,"usages":["72737208"]},{"id":"user-image-e24651ea3b7776b331d8ddb8cd9901a39c3c5730e5426e38a71439f923448802e52b0839243cf30362c2a0888123765aff86964028730f0fad8d4d_1280.jpg","publicUrl":"np://user.desktop.nicepage.com/Site_127802138/images/e24651ea3b7776b331d8ddb8cd9901a39c3c5730e5426e38a71439f923448802e52b0839243cf30362c2a0888123765aff86964028730f0fad8d4d_1280.jpg","size":191292,"hash":"ehzTZsIIcbJY7FrDpH0tkX2eX74=","fileName":"e24651ea3b7776b331d8ddb8cd9901a39c3c5730e5426e38a71439f923448802e52b0839243cf30362c2a0888123765aff86964028730f0fad8d4d_1280.jpg","name":"e24651ea3b7776b331d8ddb8cd9901a39c3c5730e5426e38a71439f923448802e52b0839243cf30362c2a0888123765aff86964028730f0fad8d4d_1280","width":1280,"height":853,"thumbnail":{"url":"np://user.desktop.nicepage.com/Site_127802138/images/thumbnails/e24651ea3b7776b331d8ddb8cd9901a39c3c5730e5426e38a71439f923448802e52b0839243cf30362c2a0888123765aff86964028730f0fad8d4d_1280.jpg","width":250,"height":167},"folderId":null,"usages":["72737208"]},{"id":"user-image-3354300254c173a9c005fcc0f4d2545bae821b35983fe5d5f01173d6af5c8309aa6def2acf03a3125d49ca699697933e54c7d384af5e37887c4fd2_1280.jpg","publicUrl":"np://user.desktop.nicepage.com/Site_127802138/images/3354300254c173a9c005fcc0f4d2545bae821b35983fe5d5f01173d6af5c8309aa6def2acf03a3125d49ca699697933e54c7d384af5e37887c4fd2_1280.jpg","size":228527,"hash":"Ekc5ltHQmORyKQ0b0vjOWJkOpLo=","fileName":"3354300254c173a9c005fcc0f4d2545bae821b35983fe5d5f01173d6af5c8309aa6def2acf03a3125d49ca699697933e54c7d384af5e37887c4fd2_1280.jpg","name":"3354300254c173a9c005fcc0f4d2545bae821b35983fe5d5f01173d6af5c8309aa6def2acf03a3125d49ca699697933e54c7d384af5e37887c4fd2_1280","width":1280,"height":853,"thumbnail":{"url":"np://user.desktop.nicepage.com/Site_127802138/images/thumbnails/3354300254c173a9c005fcc0f4d2545bae821b35983fe5d5f01173d6af5c8309aa6def2acf03a3125d49ca699697933e54c7d384af5e37887c4fd2_1280.jpg","width":250,"height":167},"folderId":null,"usages":["72737208"]}]