[{"id":70128727,"title":"Blog Template","order":1,"templateKey":"blog","customTemplate":false,"customTemplateFilename":null,"pageLinks":[],"dateCreated":"2024-01-17T02:24:18.158Z","dateUpdated":"2024-01-17T02:24:20.351Z","folderId":null,"pageName":"Blog Template","serverPageId":null,"sectionCount":1,"status":2,"backwardUrl":null},{"id":4605315,"title":"Post Template","order":2,"templateKey":"post","customTemplate":false,"customTemplateFilename":null,"pageLinks":[],"dateCreated":"2024-01-17T02:24:18.456Z","dateUpdated":"2024-01-17T02:24:20.353Z","folderId":null,"pageName":"Post Template","serverPageId":null,"sectionCount":1,"status":2,"backwardUrl":null},{"id":243861131,"title":"Product List Template","order":3,"templateKey":"products","customTemplate":false,"customTemplateFilename":null,"pageLinks":[],"dateCreated":"2024-01-17T02:24:18.655Z","dateUpdated":"2024-01-17T02:24:20.353Z","folderId":null,"pageName":"Product List Template","serverPageId":null,"sectionCount":1,"status":2,"backwardUrl":null},{"id":17094694,"title":"Product Details Template","order":4,"templateKey":"product","customTemplate":false,"customTemplateFilename":null,"pageLinks":[],"dateCreated":"2024-01-17T02:24:18.881Z","dateUpdated":"2024-01-17T02:24:20.353Z","folderId":null,"pageName":"Product Details Template","serverPageId":null,"sectionCount":1,"status":2,"backwardUrl":null},{"id":53969025,"title":"Shopping Cart Template","order":5,"templateKey":"cart","customTemplate":false,"customTemplateFilename":null,"pageLinks":[],"dateCreated":"2024-01-17T02:24:19.071Z","dateUpdated":"2024-01-17T02:24:20.353Z","folderId":null,"pageName":"Shopping Cart Template","serverPageId":null,"sectionCount":1,"status":2,"backwardUrl":null},{"id":41391378,"title":"Checkout Template","order":6,"templateKey":"checkout","customTemplate":false,"customTemplateFilename":null,"pageLinks":[],"dateCreated":"2024-01-17T02:24:19.323Z","dateUpdated":"2024-01-17T02:24:20.354Z","folderId":null,"pageName":"Checkout Template","serverPageId":null,"sectionCount":1,"status":2,"backwardUrl":null},{"id":109383188,"title":"Login Template","order":7,"templateKey":"login","customTemplate":false,"customTemplateFilename":null,"pageLinks":[],"dateCreated":"2024-01-17T02:24:19.461Z","dateUpdated":"2024-01-17T02:24:20.354Z","folderId":null,"pageName":"Login Template","serverPageId":null,"sectionCount":1,"status":2,"backwardUrl":null},{"id":831228350,"title":"Page Password Template","order":8,"templateKey":"password","customTemplate":false,"customTemplateFilename":null,"pageLinks":[],"dateCreated":"2024-01-17T02:24:19.553Z","dateUpdated":"2024-01-17T02:24:20.354Z","folderId":null,"pageName":"Page Password Template","serverPageId":null,"sectionCount":1,"status":2,"backwardUrl":null},{"id":77177294,"title":"404 Not Found Template","order":9,"templateKey":"404","customTemplate":false,"customTemplateFilename":null,"pageLinks":[],"dateCreated":"2024-01-17T02:24:19.635Z","dateUpdated":"2024-01-17T02:24:20.355Z","folderId":null,"pageName":"404 Not Found Template","serverPageId":null,"sectionCount":1,"status":2,"backwardUrl":null},{"id":799700783,"title":"Thank You Page Template","order":10,"templateKey":"ThankYou","customTemplate":false,"customTemplateFilename":null,"pageLinks":[],"dateCreated":"2024-01-17T02:24:19.709Z","dateUpdated":"2024-01-17T02:24:20.355Z","folderId":null,"pageName":"Thank You Page Template","serverPageId":null,"sectionCount":1,"status":2,"backwardUrl":null},{"id":72737208,"title":"Home","order":50,"templateKey":null,"customTemplate":false,"customTemplateFilename":null,"pageLinks":["252184566"],"dateCreated":"2024-01-17T02:24:21.232Z","dateUpdated":"2024-01-21T20:25:36.666Z","folderId":null,"pageName":"Home_72737208","serverPageId":null,"sectionCount":2,"status":2,"backwardUrl":null},{"id":252184566,"title":"Join us","order":100,"templateKey":null,"customTemplate":false,"customTemplateFilename":null,"pageLinks":[],"dateCreated":"2024-01-17T02:24:19.766Z","dateUpdated":"2024-01-21T20:14:10.628Z","folderId":null,"pageName":"Join us_252184566","serverPageId":null,"sectionCount":2,"status":2,"backwardUrl":null},{"id":302128865,"title":"Rab Pic","order":104,"templateKey":null,"customTemplate":false,"customTemplateFilename":null,"pageLinks":[],"dateCreated":"2024-01-21T16:16:33.931Z","dateUpdated":"2024-01-21T20:14:07.849Z","folderId":null,"pageName":"Rab Pic_302128865","serverPageId":null,"sectionCount":7,"status":2,"backwardUrl":null}]